,source,author,title,description,url,urlToImage,publishedAt,content
0,"{'id': None, 'name': 'Daily Mail'}",Alex Hammer,Apple employees launch petition after CEO said workers have to return to office three days a week,"The petition comes in response to an all-employee memo from  CEO Tim Cook, who last week said workers would have to come into the office for at least three days a week in September.",https://www.dailymail.co.uk/news/article-11134901/Apple-employees-launch-petition-CEO-said-workers-return-office-three-days-week.html,https://i.dailymail.co.uk/1s/2022/08/22/16/61615147-0-image-a-28_1661183209889.jpg,2022-08-22T16:32:50Z,Apple staffers have hit back at the company's call for workers to return to the office at least three days a week next month - with a petition that argues the policy is too restrictive and ignores th… [+6219 chars]
1,"{'id': None, 'name': 'MacGeneration'}",Christophe Laporte,L'AutoPilot de Tesla permet d'éviter 40 accidents par jour,"Dès qu’il arrive quelque chose à une Tesla, cela fait le tour des réseaux sociaux. À l’image d’Apple, Tesla est une société qui fait couler beaucoup d’encre en bien ou en mal. Et c’est souvent l’Autopilot qui est au cœur des conversations. Reste que si l’on e…",https://www.macg.co/mobilites/2022/08/lautopilot-de-tesla-permet-deviter-40-accidents-par-jour-130969,https://cdn.mgig.fr/2022/08/mga-317f5b46-w375-w1500-w750_accroche.jpg,2022-08-22T16:30:45Z,"Dès quil arrive quelque chose à une Tesla, cela fait le tour des réseaux sociaux. À limage dApple, Tesla est une société qui fait couler beaucoup dencre en bien ou en mal. Et cest souvent lAutopilot … [+1926 chars]"
2,"{'id': None, 'name': 'Olhardigital.com.br'}",Gabrielly Bento,Tesla aumentará o valor do Full Self-Driving para US$ 15.000,"Elon Musk, anunciou no seu twitter que o valor inicial de seu recurso Full Self-Driving (FSD) aumentaria para US$ 15.000 em 5 de setembro.
O post Tesla aumentará o valor do Full Self-Driving para US$ 15.000 apareceu primeiro em Olhar Digital.",https://olhardigital.com.br/2022/08/22/pro/tesla-aumentara-o-valor-do-full-self-driving-para-us-15-000/,https://img.olhardigital.com.br/wp-content/uploads/2022/02/shutterstock_1918929593.jpg,2022-08-22T16:29:15Z,Elon Musk anunciou no seu Twitter que o valor inicial de seu recurso Full Self-Driving (FSD) aumentaria para US$ 15.000 em 5 de setembro. Essa Ã© a segunda vez sÃ³ nesse ano que a Tesla estÃ¡ subindo… [+2722 chars]
3,"{'id': 'la-nacion', 'name': 'La Nacion'}",,"Autos “conectados”: cuál es la marca más innovadora, según un estudio alemán","De acuerdo con el Instituto CAM, Volkswagen es la automotriz que figura al tope en innovación en vehículos conectados, por delante de Mercedes-Benz y Tesla; los servicios que sumarán en el futuro",https://www.lanacion.com.ar/autos/autos-conectados-cual-es-la-marca-mas-innovadora-segun-un-estudio-aleman-nid22082022/,https://resizer.glanacion.com/resizer/IdeH8tNI1D4q18LCx60wk2E4BTE=/768x0/filters:format(webp):quality(80)/cloudfront-us-east-1.images.arcpublishing.com/lanacionar/XB2DPDGT2VHENPKQQNDGYGZC7E.jpg,2022-08-22T16:26:41Z,"Volkswagen sigue siendo la empresa más innovadora en el sector del automóvil conectado, por delante de Mercedes-Benz y Tesla, según un estudio publicado por el experto en la industria automotriz Stef… [+1915 chars]"
4,"{'id': None, 'name': 'Les Numériques'}",David Lefevre,Actualité : Tesla augmente de 25 % le prix de sa Conduite entièrement autonome (FSD),Elon Musk a annoncé sur Twitter que Tesla augmenterait de 3000 $ le prix de son option de Conduite entièrement autonome (FSD).,https://www.lesnumeriques.com/voiture/tesla-augmente-de-25-le-prix-de-sa-conduite-entierement-autonome-fsd-n189955.html,https://cdn.lesnumeriques.com/optim/news/18/189955/d4dd3ea2-tesla-augmente-de-25-le-prix-de-sa-conduite-entierement-autonome-sfd__1200_630__0-68-1350-776.jpeg,2022-08-22T16:25:00Z,"Elon Musk, PDG de Tesla, a déclaré sur Twitter qu'après la diffusion de la dernière version bêta du logiciel Full Self-Driving (FSD), le prix de ce dernier passerait de 12 000 $ à 15 000 $ en Amériqu… [+2613 chars]"
5,"{'id': 'nbc-news', 'name': 'NBC News'}",The Associated Press,"Ford is laying off about 3,000 workers","Ford Motor Co. is cutting about 3,000 white-collar jobs as it attempts to lower costs and make the transition from internal combustion to electric vehicles.",https://www.nbcnews.com/business/autos/ford-laying-3000-workers-rcna44237,"https://media-cldnry.s-nbcnews.com/image/upload/t_nbcnews-fp-1200-630,f_auto,q_auto:best/rockcms/2022-08/220822-ford-signage-se-1221p-9d08a3.jpg",2022-08-22T16:23:57Z,"DETROIT Ford Motor Co. is cutting about 3,000 white-collar jobs as it attempts to lower costs and make the transition from internal combustion to electric vehicles.
Leaders of the Dearborn, Michigan… [+2352 chars]"
6,"{'id': None, 'name': 'Mirror Online'}",mirrornews@mirror.co.uk (Abigail O'Leary),Horrifying moment Range Rover crashes through Tesla centre leaving woman dead,The two vehicles collided on the A40 near Park Royal tube in west London just before 4am this morning,https://www.mirror.co.uk/news/uk-news/horrifying-moment-range-rover-crashes-27805180,https://i2-prod.mirror.co.uk/incoming/article27805397.ece/ALTERNATES/s1200/0_Horrifying-moment-Range-Rover-crashes-through-Tesla-centre-as-woman-dies-it-was-like-an-explosion.jpg,2022-08-22T16:23:39Z,"This is the horrifying moment a Range Rover crashed through a Tesla centre - leaving one woman dead. 
The two vehicles collided on the A40 near Park Royal tube in west London just before 4am this mo… [+3089 chars]"
7,"{'id': 'abc-news', 'name': 'ABC News'}",TOM KRISHER AP Auto Writer,"Ford cutting 3,000 white-collar jobs in bid to lower costs","Ford Motor Co. is cutting about 3,000 white-collar workers as it moves reduce costs and make the transition from internal combustion to electric vehicles",https://abcnews.go.com/Business/wireStory/ford-cutting-3000-white-collar-jobs-bid-lower-88698394,https://s.abcnews.com/images/US/WireAP_d1e2c062f5514cbcb187e814f711e5a7_16x9_992.jpg,2022-08-22T16:23:20Z,"DETROIT -- Ford Motor Co. is cutting about 3,000 white-collar jobs as it attempts to lower costs and make the transition from internal combustion to electric vehicles.
Leaders of the Dearborn, Michi… [+2398 chars]"
8,"{'id': None, 'name': 'WFAA.com'}",TOM KRISHER. AP Auto Writer,"Ford cutting 3,000 white-collar jobs in bid to lower costs","The salaried worker cuts represent about 6% of a 31,000 workforce in the U.S. and Canada. Ford's 56,000 union factory workers are not affected.",https://www.wfaa.com/article/news/nation-world/ford-cutting-white-collar-jobs/507-b5d91fa9-98f0-4d2d-992f-dc1aa284bb4a,https://media.wfaa.com/assets/WFAA/images/f83cb366-91e8-490a-8c03-daceea178065/f83cb366-91e8-490a-8c03-daceea178065_1140x641.jpg,2022-08-22T16:22:49Z,"DETROIT Ford Motor Co. is cutting about 3,000 white-collar jobs as it attempts to lower costs and make the transition from internal combustion to electric vehicles.
Leaders of the Dearborn, Michigan… [+2486 chars]"
9,"{'id': None, 'name': 'Webcenterfairbanks.com'}",TOM KRISHER,"Ford cutting 3,000 white-collar jobs in bid to lower costs","The cuts will come across the company in the U.S., Canada and India.",https://www.webcenterfairbanks.com/2022/08/22/ford-cutting-3000-white-collar-jobs-bid-lower-costs/,https://gray-ktvf-prod.cdn.arcpublishing.com/resizer/bO_3ixtDXHOVq--a5-WWF71kNhI=/1200x600/smart/filters:quality(85)/cloudfront-us-east-1.images.arcpublishing.com/gray/CIDVPNK66FFHNMO5THF7KGRNXU.jpg,2022-08-22T16:22:21Z,"DETROIT (AP) Ford Motor Co. is cutting about 3,000 white-collar jobs as it attempts to lower costs and make the transition from internal combustion to electric vehicles.
Leaders of the Dearborn, Mic… [+2456 chars]"
10,"{'id': None, 'name': 'WJHG-TV'}",TOM KRISHER,"Ford cutting 3,000 white-collar jobs in bid to lower costs","The cuts will come across the company in the U.S., Canada and India.",https://www.wjhg.com/2022/08/22/ford-cutting-3000-white-collar-jobs-bid-lower-costs/,https://gray-wjhg-prod.cdn.arcpublishing.com/resizer/bO_3ixtDXHOVq--a5-WWF71kNhI=/1200x600/smart/filters:quality(85)/cloudfront-us-east-1.images.arcpublishing.com/gray/CIDVPNK66FFHNMO5THF7KGRNXU.jpg,2022-08-22T16:22:21Z,"DETROIT (AP) Ford Motor Co. is cutting about 3,000 white-collar jobs as it attempts to lower costs and make the transition from internal combustion to electric vehicles.
Leaders of the Dearborn, Mic… [+2456 chars]"
11,"{'id': None, 'name': 'WDBJ7'}",TOM KRISHER,"Ford cutting 3,000 white-collar jobs in bid to lower costs","The cuts will come across the company in the U.S., Canada and India.",https://www.wdbj7.com/2022/08/22/ford-cutting-3000-white-collar-jobs-bid-lower-costs/,https://gray-wdbj-prod.cdn.arcpublishing.com/resizer/bO_3ixtDXHOVq--a5-WWF71kNhI=/1200x600/smart/filters:quality(85)/cloudfront-us-east-1.images.arcpublishing.com/gray/CIDVPNK66FFHNMO5THF7KGRNXU.jpg,2022-08-22T16:22:21Z,"DETROIT (AP) Ford Motor Co. is cutting about 3,000 white-collar jobs as it attempts to lower costs and make the transition from internal combustion to electric vehicles.
Leaders of the Dearborn, Mic… [+2456 chars]"
12,"{'id': None, 'name': 'KY3'}",TOM KRISHER,"Ford cutting 3,000 white-collar jobs in bid to lower costs","The cuts will come across the company in the U.S., Canada and India.",https://www.ky3.com/2022/08/22/ford-cutting-3000-white-collar-jobs-bid-lower-costs/,https://gray-ky3-prod.cdn.arcpublishing.com/resizer/bO_3ixtDXHOVq--a5-WWF71kNhI=/1200x600/smart/filters:quality(85)/cloudfront-us-east-1.images.arcpublishing.com/gray/CIDVPNK66FFHNMO5THF7KGRNXU.jpg,2022-08-22T16:22:21Z,"DETROIT (AP) Ford Motor Co. is cutting about 3,000 white-collar jobs as it attempts to lower costs and make the transition from internal combustion to electric vehicles.
Leaders of the Dearborn, Mic… [+2456 chars]"
13,"{'id': None, 'name': 'seattlepi.com'}","By TOM KRISHER, AP Auto Writer","Ford cutting 3,000 white-collar jobs in bid to lower costs","DETROIT (AP) — Ford Motor Co. is cutting about 3,000 white-collar jobs as it attempts to lower costs and make the transition from internal combustion to electric vehicles.
Leaders of the Dearborn, Michigan, automaker made the announcement Monday in a companyw…",https://www.seattlepi.com/news/article/Ford-cutting-3-000-white-collar-jobs-in-bid-to-17389526.php,https://s.hdnux.com/photos/01/27/06/50/22833707/3/rawImage.jpg,2022-08-22T16:21:48Z,"DETROIT (AP) Ford Motor Co. is cutting about 3,000 white-collar jobs as it attempts to lower costs and make the transition from internal combustion to electric vehicles.Leaders of the Dearborn, Michi… [+2356 chars]"
14,"{'id': 'fortune', 'name': 'Fortune'}","Tom Krisher, The Associated Press","Ford is cutting 3,000 jobs in bid to lower costs",Executive Chairman Bill Ford and CEO Jim Farley said in an email Monday that Ford will provide benefits and significant help for the workers to find new jobs.,https://fortune.com/2022/08/22/ford-cutting-3000-jobs-layoffs-jim-farley/,"https://content.fortune.com/wp-content/uploads/2022/08/AP22234568860088-e1661184638778.jpg?resize=1200,600",2022-08-22T16:16:22Z,"Ford Motor Co. is cutting about 3,000 white-collar jobs as it attempts to lower costs and make the transition from internal combustion to electric vehicles.Leaders of the Dearborn, Michigan, automake… [+2464 chars]"
15,"{'id': None, 'name': 'SiliconANGLE News'}",James Farrell,Tesla introduces a price increase for its Full Self-Driving software,"Tesla Inc. Chief Executive Elon Musk said on Sunday that the cost of his company’s Full Self-Driving software, FSD, will go up from $12,000 to $15,000. Musk said the increase will be for cars bought after Sept. 5. He didn’t mention anything about the $199 sub…",https://siliconangle.com/2022/08/22/tesla-introduces-price-increase-full-self-driving-software/,https://d15shllkswkct0.cloudfront.net/wp-content/blogs.dir/1/files/2022/08/david-von-diemar-ZBWn5DvO0hg-unsplash.jpg,2022-08-22T16:15:49Z,"Tesla Inc. Chief Executive Elon Musk said on Sunday that the cost of his companys Full Self-Driving software, FSD, will go up from $12,000 to $15,000.
Musk said the increase will be for cars bought … [+2657 chars]"
16,"{'id': None, 'name': 'New Statesman'}",Spotlight,“I can start when I want and finish when I want”,"Mohamed Yusuf has tried his hand at many things. He has been a graphic designer, a delivery driver, a retail manager for Poundland and Superdrug, and a driving instructor. But since 2015, he has drive",https://www.newstatesman.com/spotlight/transport/2022/08/i-can-start-when-i-want-and-finish-when-i-want,https://www.newstatesman.com/wp-content/uploads/sites/2/2022/08/Mohamed-Yusuf-14-1-scaled.jpg,2022-08-22T16:14:38Z,"Mohamed Yusuf has tried his hand at many things. He has been a graphic designer, a delivery driver, a retail manager for Poundland and Superdrug, and a driving instructor. But since 2015, he has driv… [+6035 chars]"
17,"{'id': None, 'name': 'CNBC'}",Michelle Fox,"Stocks making the biggest moves midday: AMC, Signify Health, Netflix and more",These are the stocks posting the largest moves midday.,https://www.cnbc.com/2022/08/22/stocks-making-the-biggest-moves-midday-amc-signify-health-netflix-and-more.html,https://image.cnbcfm.com/api/v1/image/107023563-1646217484910-gettyimages-1238168471-RAFAPRESS_03022022-0303.jpeg?v=1661183438&w=1920&h=1080,2022-08-22T16:12:24Z,"Check out the companies making the biggest moves midday Monday:
AMC Shares of the theater chain dropped 38% as investors weighed the company's new preferred share class and news that rival Cineworld… [+3058 chars]"
18,"{'id': None, 'name': 'La Verdad Noticias'}",gabriel dzay,China hace frente a calor y sequía extrema con estas drásticas medidas,Fue China quien decidió tomar estas medidas para evitar complicaciones a causa de estos cambios en el clima.,https://laverdadnoticias.com/mundo/China-hace-frente-a-calor-y-sequia-extrema-con-estas-drasticas-medidas--20220822-0070.html,https://laverdadnoticias.com/__export/1661184580004/sites/laverdad/img/2022/08/22/uc-2_x5x.jpg_2041485293.jpg,2022-08-22T16:10:18Z,"China hace frente a calor y sequía extrema con estas drásticas medidas
Por los estragos que está dejando el calor y la sequía, el gobierno de China decidió implementar medidas drásticas como iniciar… [+1791 chars]"
19,"{'id': 'the-verge', 'name': 'The Verge'}",Jay Peters,"Ford is laying off 3,000 employees","Ford is laying off about 3,000 employees and contract workers, with the cuts primarily affecting staff in the US, Canada, and India. It’s unclear how the cuts may be spread across Ford Blue and Ford Model E.",https://www.theverge.com/2022/8/22/23316491/ford-layoffs-3000-workers-employees,https://cdn.vox-cdn.com/thumbor/qJZsB9gbNJSRmE9kE5TsVuIxK9Q=/0x146:2040x1214/fit-in/1200x630/cdn.vox-cdn.com/uploads/chorus_asset/file/23916913/vpavic_220621_5352_0004.jpg,2022-08-22T16:08:56Z,"Fords F-150 Lightning
Photo by Vjeran Pavic / The Verge
Ford is laying off about 3,000 employees and contract workers, with the cuts primarily affecting staff in the US, Canada, and India, The Wall… [+1595 chars]"
20,"{'id': 'la-nacion', 'name': 'La Nacion'}",,Ford elimina 3.000 empleos en medio de su apuesta por un futuro centrado en el software,Ford elimina 3.000 empleos en medio de su apuesta por un futuro centrado en el software,https://www.lanacion.com.ar/agencias/ford-elimina-3000-empleos-en-medio-de-su-apuesta-por-un-futuro-centrado-en-el-software-nid22082022/,https://resizer.glanacion.com/resizer/3RtWgCP--RAvm_gVQCN60D8EDIs=/768x0/filters:format(webp):quality(80)/cloudfront-us-east-1.images.arcpublishing.com/lanacionar/67GCK7VVHRH5JDZJTNRRSP7NEI.jpg,2022-08-22T16:08:28Z,"Por Joseph White
22 ago (Reuters) - Ford Motor Co dijo que recortará un
total de 3.000 puestos de trabajo asalariados y contratados,
sobre todo en América del Norte e India, a medida que se
reest… [+788 chars]"
21,"{'id': None, 'name': 'seattlepi.com'}","By TOM KRISHER, AP Auto Writer","Ford cutting 3,000 white-collar jobs in bid to lower costs","DETROIT (AP) — Ford Motor Co. is cutting about 3,000 white-collar jobs as it attempts to lower costs and make the transition from internal combustion to electric vehicles.
Leaders of the Dearborn, Michigan, automaker made the announcement Monday in a companyw…",https://www.seattlepi.com/business/article/Ford-cutting-3-000-white-collar-jobs-in-bid-to-17389526.php,https://s.hdnux.com/photos/01/27/06/50/22833707/3/rawImage.jpg,2022-08-22T16:07:31Z,"DETROIT (AP) Ford Motor Co. is cutting about 3,000 white-collar jobs as it attempts to lower costs and make the transition from internal combustion to electric vehicles.Leaders of the Dearborn, Michi… [+1439 chars]"
22,"{'id': None, 'name': 'Business Standard'}",Reuters,"Ford cuts 3,000 jobs in North America, India as it pivots to EVs, software",Ford said on Monday the staff cuts will affect all parts of the company,https://www.business-standard.com/article/international/ford-cuts-3-000-jobs-in-north-america-india-as-it-pivots-to-evs-software-122082201215_1.html,https://bsmedia.business-standard.com/_media/bs/img/hp/home-page/2021-09/09/full/1631185673-8132.jpg,2022-08-22T16:07:29Z,"Ford Motor Co said it will cut a total of 3,000 salaried and contract jobs, mostly in North America and India, as it restructures to catch up with Tesla Inc in the race to develop software-driven ele… [+2805 chars]"
23,"{'id': None, 'name': 'TechSpot'}",Rob Thubron,Apple workers launch petition against return-to-work mandate,"Apple CEO Tim Cook last week sent out a memo to all employees informing them that they must return to the office for at least three days a week starting September 5. Workers were told to come in on Tuesdays and Thursdays, with a third day to vary depending on…",https://www.techspot.com/news/95712-apple-workers-launch-petition-against-company-return-work.html,https://static.techspot.com/images2/news/bigimage/2019/07/2019-07-31-image-12.jpg,2022-08-22T16:04:00Z,"In context: The return-to-work mandate is proving to be the tech industry's hot-button topic, with many employees resisting calls to come back into the office after more than two years of working fro… [+2371 chars]"
24,"{'id': 'abc-news', 'name': 'ABC News'}",TOM KRISHER AP Auto Writer,"Ford cutting 3,000 white-collar jobs in bid to lower costs","Ford Motor Co. is cutting about 3,000 white-collar workers as it moves reduce costs and make the transition from internal combustion to electric vehicles",https://abcnews.go.com/US/wireStory/ford-cutting-3000-white-collar-jobs-bid-lower-88696653,https://s.abcnews.com/images/US/WireAP_d1e2c062f5514cbcb187e814f711e5a7_16x9_992.jpg,2022-08-22T16:02:39Z,"DETROIT -- Ford Motor Co. is cutting about 3,000 white-collar jobs as it attempts to lower costs and make the transition from internal combustion to electric vehicles.
Leaders of the Dearborn, Michi… [+1445 chars]"
25,"{'id': None, 'name': 'Entrepreneur'}",Emily Rella,Elon Musk Accidentally Revealed His Personal Address on Twitter,Even tech CEOs are prone to simple errors.,https://www.entrepreneur.com/article/433882,https://assets.entrepreneur.com/content/3x2/2000/1661183615-GettyImages-1238366977.jpg,2022-08-22T16:00:00Z,"Although Tesla and SpaceX CEO Elon Musk frequently interacts with his almost 104 million Twitter followers, his time and attention continue to be in high demand from his fans, followers, and colleagu… [+1531 chars]"
26,"{'id': 'associated-press', 'name': 'Associated Press'}",By TOM KRISHER - AP Auto Writer,"Ford cutting 3,000 white-collar jobs in bid to lower costs","Ford Motor Co. is cutting about 3,000 white-collar workers as it moves reduce costs and make the transition from internal combustion to electric vehicles.Leaders of the Dearborn, Michigan, automaker made the announcement Monday in a companywide email, saying …",https://apnews.com/ba66a395e3d0e602f40d5a15a58d04ea,https://bloximages.newyork1.vip.townnews.com/roanoke.com/content/tncms/assets/v3/editorial/9/ea/9eaeec6d-c63e-5800-9afa-ab739e4afa56/6303abac01124.image.jpg?crop=1763%2C926%2C0%2C124&resize=1200%2C630&order=crop%2Cresize,2022-08-22T15:58:30Z,"By TOM KRISHER - AP Auto Writer
DETROIT (AP) Ford Motor Co. is cutting about 3,000 white-collar jobs as it attempts to lower costs and make the transition from internal combustion to electric vehicl… [+2623 chars]"
27,"{'id': None, 'name': 'MobileSyrup'}",Karandeep Oberoi,"Tesla to increase price of FSD Beta in the U.S., Canada might follow","Tesla CEO Elon Musk announced yesterday, Sunday, August 21st, that the cost of the company’s Full Self-Driving (FSD) Beta will increase on September 5th, 2022. “After wide release of FSD Beta 10.69.2, price of FSD will rise to $15k in North America on Septemb…",https://mobilesyrup.com/2022/08/22/tesla-fsd-beta-price-hike-in-the-united-states/,https://cdn.mobilesyrup.com/wp-content/uploads/2022/08/tesla-interior-scaled-1.jpg,2022-08-22T15:57:18Z,"Tesla CEO Elon Musk announced yesterday, Sunday, August 21st, that the cost of the company’s Full Self-Driving (FSD) Beta will increase on September 5th, 2022. “After wide release of FSD Beta 10.69.2… [+1266 chars]"
28,"{'id': None, 'name': 'Yahoo Entertainment'}",Brian Sozzi,"Tesla stock is 40% undervalued after Inflation Reduction Act signing, analyst argues","Tesla is poised to be a big winner from the Inflation Protection Act, one analyst says.",https://finance.yahoo.com/news/tesla-stock-inflation-reduction-act-significance-155640843.html,https://s.yimg.com/ny/api/res/1.2/iBgBlIbPO9b2ziBVpPhRsw--/YXBwaWQ9aGlnaGxhbmRlcjt3PTEyMDA7aD04MDA-/https://s.yimg.com/os/creatr-uploaded-images/2022-04/e492a6e0-bc29-11ec-9fda-759a95cca4b6,2022-08-22T15:56:40Z,"The Inflation Reduction Act's new $7,500 tax credit for electric vehicles could be a major tailwind to Tesla stock and the company's bottom line, contends CFRA analyst Garrett Nelson.
""The signing o… [+2397 chars]"
29,"{'id': None, 'name': 'Daily Mail'}",Reuters,"Ford cuts 3,000 jobs as it pivots to a software future","Ford CEO Jim Farley has signaled that he believed the Michigan automaker had too many people, and that not enough of its workforce had the skills required as the auto industry shifts to EVs.",https://www.dailymail.co.uk/news/article-11134939/Ford-cuts-3-000-jobs-pivots-software-future.html,https://i.dailymail.co.uk/1s/2022/08/22/16/61615121-0-image-a-10_1661183542209.jpg,2022-08-22T15:56:11Z,"Ford Motor Co said it will cut a total of 3,000 salaried and contract jobs, mostly in North America and India, as it restructures to catch up with Tesla Inc in the race to develop software-driven ele… [+4532 chars]"
30,"{'id': None, 'name': 'International Business Times'}",Joseph White,"Ford Cuts 3,000 Jobs As It Pivots To EVs, Software","Ford Motor Co said it will cut a total of 3,000 salaried and contract jobs, mostly in North America and India, as it restructures to catch up with Tesla Inc in the race to develop software-driven electric vehicles.",https://www.ibtimes.com/ford-cuts-3000-jobs-it-pivots-evs-software-3604478,https://d.ibtimes.com/en/full/3806864/wheel-2018-ford-focus-displayed-launch-new-model-london.jpg,2022-08-22T15:54:06Z,"The wheel of a 2018 Ford Focus is displayed at the launch for the new model in London, Britain, April 10, 2018. 
Ford Motor Co said it will cut a total of 3,000 salaried and contract jobs, mostly in… [+1606 chars]"
31,"{'id': None, 'name': 'Corriere.it'}",,Uomo si fa impiantare un chip sottopelle per aprire la Tesla,"Il video pubblicato da Brandon Dalaly che si è fatto inserire nel corpo il Vivokey Apex, in grado di aprire l’auto elettrica anche senza smartphone",https://video.corriere.it/tecnologia/uomo-si-fa-impiantare-chip-sottopelle-aprire-tesla/cb057e00-2222-11ed-bca3-87e269fdfa32,https://images2.corriereobjects.it/methode_image/Video/2022/08/22/Tecnologia/Foto%20Tecnologia%20-%20Trattate/si_impianta_chip_per_aprire_la_tesla_640_ori_crop_MASTER__0x0.jpg,2022-08-22T15:52:56Z,"Il video pubblicato da Brandon Dalaly che si è fatto inserire nel corpo il Vivokey Apex, in grado di aprire l’auto elettrica anche senza smartphoneBrandon Dalaly ha postato in un video Twitter in cui… [+784 chars]"
32,"{'id': None, 'name': 'Yahoo Entertainment'}",TOM KRISHER,"Ford cutting 3,000 white-collar jobs in bid to lower costs","Ford Motor Co. is cutting about 3,000 white-collar jobs as it attempts to lower costs and make the transition from internal combustion to electric vehicles...",https://news.yahoo.com/ford-cutting-3-000-white-155118871.html,https://s.yimg.com/ny/api/res/1.2/qmbiaU85Ey3H_kbBuKntaQ--/YXBwaWQ9aGlnaGxhbmRlcjt3PTEyMDA7aD04MDA-/https://media.zenfs.com/en/ap.org/b20d774168789e8d35ab86ab3b739d42,2022-08-22T15:51:18Z,"DETROIT (AP) Ford Motor Co. is cutting about 3,000 white-collar jobs as it attempts to lower costs and make the transition from internal combustion to electric vehicles.
Leaders of the Dearborn, Mic… [+2360 chars]"
33,"{'id': None, 'name': 'The Diplomat'}",Associated Press,"China Fights Brush Fires, Extends Power Rationing in Drought",The drought and heat in southwest China are wilting crops and causing power shortages amid China’s hottest and driest summer on record.,https://thediplomat.com/2022/08/china-fights-brush-fires-extends-power-rationing-in-drought/,https://thediplomat.com/wp-content/uploads/2022/08/sizes/td-story-s-2/thediplomat_2022-08-22-155510.jpg,2022-08-22T15:51:00Z,"Advertisement
Brush fires have forced the evacuation of more than 1,500 people in southwest China and power rationing for factories has reportedly been extended as weeks of record heat and drought b… [+3708 chars]"
34,"{'id': None, 'name': 'New York Post'}",Fox Business,"Elon Musk’s Tesla hiking price of Full Self-Driving system to $15,000","The price of FSD rose from $10,000 to $12,000 in January, making this the second price increase of the year.",https://nypost.com/2022/08/22/elon-musks-tesla-hiking-price-of-full-self-driving-system-to-15000/,https://nypost.com/wp-content/uploads/sites/2/2022/08/elon-musk-tesla.jpg?quality=75&strip=all&w=1024,2022-08-22T15:50:05Z,"Tesla CEO Elon Musk announced on Twitter that the price of its Full Self-Driving system, known as FSD, will increase to $15,000 on Sept. 5.
Musk made the announcement in a tweet on Saturday, stating… [+1199 chars]"
35,"{'id': None, 'name': 'Protothema.gr'}",,"Ακραία ξηρασία πλήττει την Κίνα - Χιλιάδες επιχειρήσεις κλείνουν, σοβαρή έλλειψη νερού",Πάνω από 2 εκατ. έχουν επηρεαστεί από τον παρατεταμένο καύσωνα - Σοβαρή κρίση για την υδροηλεκτρική ενέργεια | Κίνα | Ξηρασία | Καύσωνας | Κόσμος,https://www.protothema.gr/world/article/1276325/akraia-xirasia-plittei-tin-kina-hiliades-epiheiriseis-kleinoun-sovari-elleipsi-nerou/,https://i1.prth.gr/images/640x360share/files/2022-08-22/051_XxjpbeE007310_20220822_PEPFN0A001.jpg,2022-08-22T15:46:00Z,". , , 2,5 . , . . , «» . 
, ,    80% . , .  Toyota, Foxconn  Tesla.
, . , -, , 400 . . , , , . 
, . , , 2,46 . 2,2 . , , , ,   .
, 780.000 , .
  300 . , 5,5 . . :
: «» 
: «»
: 3"
36,"{'id': None, 'name': 'Biztoc.com'}",xluettgen,Ford Dealt a Huge Blow,CEO Jim Farley wants to transform Ford from a legacy automaker into a kind of company in between a startup and a big firm. This involves removing a lot of redundancy and simplifying the... #bev #legacyautomaker #jimfarley #evs #rollovers #gasolinecars #tesla,https://biztoc.com/p/7mdqhk8j?ref=rss,https://cdn.biztoc.com/og/7mdqhk8j.jpg,2022-08-22T15:43:56Z,CEO Jim Farley wants to transform Ford from a legacy automaker into a kind of company in between a startup and a big firm. This involves removing a lot of redundancy and simplifying the decision-maki… [+1302 chars]
37,"{'id': None, 'name': 'SlashGear'}",staff@slashgear.com (Dave McQuilling),The Electric Car Charging Problem Is Worse Than You Realized,A surprising percentage of electric vehicle drivers have had issues using EV charging stations on a regular basis over the past few years.,https://www.slashgear.com/974731/the-electric-car-charging-problem-is-worse-than-you-realized/,https://www.slashgear.com/img/gallery/the-electric-car-charging-problem-is-worse-than-you-realized/l-intro-1661182933.jpg,2022-08-22T15:42:46Z,"Despite advances in charging, battery life, and overall EV efficiency, charging is still one of the biggest problem areas the vehicles have. Consumer research firm J.D. Power recently surveyed over 1… [+1552 chars]"
38,"{'id': None, 'name': 'FX Empire'}",Reuters,"Ford cuts 3,000 jobs as it pivots to EVs, software","By Joseph White (Reuters) -   Ford Motor Co said it will cut a total of 3,000 salaried and contract jobs, mostly in North America and India, as it restructures to catch up with Tesla Inc<TSLA.O> in the race to develop software-driven electric vehicles.",https://www.fxempire.com/news/article/ford-cuts-3000-jobs-as-it-pivots-to-a-software-future-1103260,https://responsive.fxempire.com/width/600/webp-lossy-70.q50/_fxempire_/2022/08/tagreuters.com2022newsml_LYNXMPEI7L0LJ3.jpg,2022-08-22T15:42:37Z,"Ford Chief Executive Jim Farley has been saying for months that he believed the Dearborn, Mich. automaker had too many people, and that not enough of its workforce had the skills required as the auto… [+1212 chars]"
39,"{'id': 'business-insider', 'name': 'Business Insider'}",gkay@insider.com (Grace Kay),YouTube removes video of Tesla fans using kids to test whether the carmaker's Full Self-Driving software stops for children,"After a video of a Tesla crashing into a child-sized dummy went viral, several drivers have tested how FSD reacts to kids.",https://www.businessinsider.com/tesla-fans-full-self-driving-test-on-kids-removed-youtube-2022-8,https://i.insider.com/630383dcc9a2da001809031b?width=1200&format=jpeg,2022-08-22T15:40:56Z,"YouTube removed a video that showed Tesla fans testing out with real children whether the carmaker's Full Self-Driving (FSD) software would stop for kids.
The video was posted by Whole Mars Blog's o… [+3447 chars]"
40,"{'id': None, 'name': 'Génération NT'}",Jérôme G.,Un propriétaire de Tesla met ses enfants en obstacle à éviter,YouTube a supprimé une vidéo où le propriétaire d'un véhicule Tesla utilise ses propres enfants pour prouver l'efficacité du Full Self Driving de la marque.,https://www.generation-nt.com/tesla-video-fsd-conduite-autonome-enfant-obstacle-actualite-2004231.html,https://img.generation-nt.com/telsa-fsd-enfant-dans-rue_0780043801683593.webp,2022-08-22T15:40:01Z,La plateforme de vidéos en ligne YouTube a supprimé une vidéo montrant le conducteur d'une voiture Tesla Model 3 en train d'effectuer des tests de sécurité. En plus de mannequins pour des obstacles à… [+3227 chars]
41,"{'id': None, 'name': 'COMPUTER BILD'}",Dennis Ellenberger,Lucid Air Sapphire: Elektro-Flitzer bricht alle Rekorde,Tesla muss sich warm anziehen. Autobauer Lucid Motors legt mit seinem neuesten Elektroauto Spitzenzeiten beim Sprint von null auf 100 km/h hin. Dabei handelt es sich nicht um ein reguläres Modell.,https://www.computerbild.de/artikel/cb-News-Connected-Car-Lucid-Air-Sapphire-Leistungsstarkes-Elektroauto-bricht-alle-Rekorde-33372525.html,https://i.computer-bild.de/imgs/1/4/5/0/7/1/3/3/Lucid-Air-8acc4c6b52999b56.jpg,2022-08-22T15:40:00Z,"Tesla muss sich warm anziehen. Autobauer Lucid Motors legt mit seinem neuesten Elektroauto Spitzenzeiten beim Sprint von null auf 100 km/h hin. Dabei handelt es sich nicht um ein reguläres Modell.
I… [+1662 chars]"
42,"{'id': 'fortune', 'name': 'Fortune'}",Tristan Bove,Apple employees claim they’re doing ‘exceptional work’ remotely as Tim Cook orders them back. They’re probably wrong,"The tech giant's staff say they are doing ""exceptional work"" from home, despite potential remote work pitfalls.",https://fortune.com/2022/08/22/apple-employees-say-they-are-doing-exceptional-work-remotely/,"https://content.fortune.com/wp-content/uploads/2022/08/GettyImages-1401383119.jpg?resize=1200,600",2022-08-22T15:37:27Z,"The return-to-office wars continue to rage, with Apple wanting its employees back in the office and workers arent having it.Apple has become one of the most vocal firms in corporate Americas quest to… [+3490 chars]"
43,"{'id': None, 'name': 'Developpez.com'}",,Les conducteurs humains au Royaume-Uni ne seront pas responsables des accidents lorsque la conduite autonome est activée,"Les fabricants exploitant des v�hicules autonomes au Royaume-Uni seront responsables des actions d'un v�hicule lorsqu'il est en mode autonome, selon la nouvelle feuille de route du pays pour parvenir � un d�ploiement g�n�ralis� des v�hicules autonomes d'ici 2…",https://www.developpez.com/actu/335890/Les-conducteurs-humains-au-Royaume-Uni-ne-seront-pas-responsables-des-accidents-lorsque-la-conduite-autonome-est-activee/,https://www.developpez.com/images/logos/voiture-autonome.png,2022-08-22T15:36:00Z,"Les fabricants exploitant des vhicules autonomes au Royaume-Uni seront responsables des actions d'un vhicule lorsqu'il est en mode autonome, selon la nouvelle feuille de route du pays pour parvenir u… [+11984 chars]"
44,"{'id': None, 'name': 'NDTV News'}",,"Ford To Cut 3,000 Jobs As It Turns To A Software Future","Ford Motor Co said it will cut a total of 3,000 salaried and contract jobs, mostly in North America and India, as it restructures to catch up with Tesla Inc in the race to develop software-driven electric vehicles.",https://www.ndtv.com/business/ford-cuts-3-000-jobs-as-it-pivots-to-a-software-future-3276674,https://c.ndtvimg.com/2022-08/5uuslcdo_reuters-image_625x300_22_August_22.jpg,2022-08-22T15:34:59Z,"Ford cuts 3,000 jobs as it pivots to a software future
Ford Motor Co said it will cut a total of 3,000 salaried and contract jobs, mostly in North America and India, as it restructures to catch up w… [+1575 chars]"
45,"{'id': None, 'name': 'ZDNet France'}",Liam Tung,Apple : Les nouveaux Macs et iPad M2 pourraient débarquer en octobre,Les lancements de matériel Apple de cette année penchent en faveur de la nouvelle approche d'Apple en matière de travail hybride.,https://www.zdnet.fr/actualites/apple-les-nouveaux-macs-et-ipad-m2-pourraient-debarquer-en-octobre-39946114.htm,https://d1fmx1rbmqrxrr.cloudfront.net/zdnet/optim/i/edit/ne/2021/03/AppleDawn__w1200.jpg,2022-08-22T15:30:00Z,"Après le lancement de l'iPhone 14, Apple pourrait lancer un nouvel iPad Pro basé sur le M2 ainsi que des versions M2 des Mac mini, Mac Pro et MacBook Pro lors d'un événement en octobre, selon Mark Gu… [+2265 chars]"
46,"{'id': None, 'name': 'Techinsider.ru'}",Роман Назаров,Исследование: 30% водителей не могут перехватить управление от автопилота вовремя,"Полуавтономные автомобили, такие как Tesla с опцией FSD, в целом более безопасны, чем ручное вождение. Однако есть критический момент, когда опасность ДТП резко возрастает. Дело в том, как взаимодействуют автопилот и водитель.",https://www.techinsider.ru/vehicles/1552183-issledovanie-30-voditeley-ne-mogut-perehvatit-upravlenie-ot-avtopilota-vovremya/,https://images.techinsider.ru/upload/img_cache/376/37635f806290028bb9b5d7e8c9245be0_ce_1920x1278x0x2_cropped_1200x628.jpg,2022-08-22T15:29:00Z,",   , , , .  1980-   (ADAS, . Advanced Driver Assistance System),   .   -,    ,  .        .
, , Tesla Full Self-Driving.   ,    .   , ,  .  ,      - ,        ."
47,"{'id': None, 'name': 'CNA'}",,"Ford cuts 3,000 jobs as it pivots to EVs, software",":Ford Motor Co said it will cut a total of 3,000 salaried and contract jobs, mostly in North America and India, as it restructures to catch up with Tesla Inc in the race to develop software-driven electric vehicles.Ford Chief Executive Jim Farley has been say…",https://www.channelnewsasia.com/business/ford-cuts-3000-jobs-it-pivots-evs-software-2893506,"https://onecms-res.cloudinary.com/image/upload/s--R254S6iZ--/fl_relative,g_south_east,l_one-cms:core:watermark:reuters,w_0.1/f_auto,q_auto/c_fill,g_auto,h_676,w_1200/v1/one-cms/core/2022-08-22t154237z_4_lynxmpei7l0lj_rtroptp_3_china-autos-ford-motor.jpg?itok=4Awo31Y0",2022-08-22T15:25:27Z,":Ford Motor Co said it will cut a total of 3,000 salaried and contract jobs, mostly in North America and India, as it restructures to catch up with Tesla Inc in the race to develop software-driven el… [+1439 chars]"
48,"{'id': 'reuters', 'name': 'Reuters'}",,Ford cuts 3000 jobs as it pivots to a software future - Reuters,"Ford Motor Co<a href=""https://www.reuters.com/companies/F.N"" target=""_blank"">(F.N)</a> said it will cut a total of 3,000 salaried and contract jobs, mostly in North America and India, as it restructures to catch up with Tesla Inc <TSLA.O> in the race to devel…",https://www.reuters.com/business/autos-transportation/ford-cuts-3000-jobs-it-pivots-software-future-2022-08-22/,https://www.reuters.com/resizer/Ir4PWhSPih0WloduNTshRxUbcCc=/1200x628/smart/filters:quality(80)/cloudfront-us-east-2.images.arcpublishing.com/reuters/BM6I27W7ZFPEPENWTRO2E7QIUE.jpg,2022-08-22T15:25:00Z,"Aug 22 (Reuters) - Ford Motor Co(F.N) said it will cut a total of 3,000 salaried and contract jobs, mostly in North America and India, as it restructures to catch up with Tesla Inc in the race to dev… [+676 chars]"
49,"{'id': None, 'name': 'Daily Mail'}",Sam Tonkin,What will self-driving cars will be able to do in the UK and who will be responsible for accidents?,"Only features such as lane-keeping technology would be legal in the UK next year, with fully autonomous self-driving cars - where motorists can watch TV behind the wheel - not allowed until 2025.",https://www.dailymail.co.uk/sciencetech/article-11134093/What-self-driving-cars-able-UK-responsible-accidents.html,https://i.dailymail.co.uk/1s/2022/08/22/13/61605335-0-image-a-5_1661170468701.jpg,2022-08-22T15:23:34Z,"Self-driving vehicles could soon be whizzing around on Britain's roads, after the Government announced plans to allow cars, coaches and lorries with self-driving features to be used on motorways in 2… [+15457 chars]"
50,"{'id': None, 'name': 'Anadolu Agency'}",,Siçuan'da kuraklık nedeniyle fabrikalardaki elektrik kesintileri devam ediyor,"Çin'in batısındaki Siçuan eyaletinde, kuraklık yüzünden hidroelektrik santrallerinin yeterli elektrik sağlayamaması nedeniyle yaşanan elektrik sıkıntısı sürüyor.

 - Anadolu Ajansı",https://www.aa.com.tr/tr/dunya/sicuanda-kuraklik-nedeniyle-fabrikalardaki-elektrik-kesintileri-devam-ediyor/2666874,https://cdnuploads.aa.com.tr/uploads/Contents/2022/08/22/thumbs_b_c_27b82aaeac9263d19c6981493f0881ed.jpg?v=181913,2022-08-22T15:18:24Z,"Ulusal basndaki haberlerde, eyalet yönetimi ve elektrik idaresinin geçen hafta banda fabrikalara uygulad elektrik kesintilerinin, skntnn alamamas nedeniyle 5 gün daha uzatlaca bildirildi.
Enerji iht… [+1788 chars]"
51,"{'id': None, 'name': '24/7 Wall St.'}",John Harrington,The Most Popular Ford Models in America,"Ford’s sales fell 6.8% to 1.9 million cars last year, third place among all automakers, as Toyota unseated General Motors for first place, ending a 90-year run for GM. (Unfortunately for Ford, it topped the list of the car brands with the worst recalls this y…",https://247wallst.com/special-report/2022/08/22/top-selling-fords-2/,https://247wallst.com/wp-content/uploads/2022/07/imageForEntry8-URt.jpg,2022-08-22T15:15:34Z,"Fords sales fell 6.8% to 1.9 million cars last year, third place among all automakers, as Toyota unseated General Motors for first place, ending a 90-year run for GM. (Unfortunately for Ford, it topp… [+1692 chars]"
52,"{'id': None, 'name': 'Reviewgeek.com'}",Cory Gunther,Tesla's Full Self-Driving Software Now Costs as Much as a Decent Car,"Tesla’s “Full Self-Driving,” which cost $10k earlier this year but quickly went up to $12,000, is about to be even more expensive. Starting on September 5th, Tesla’s FSD upgrade will now be $15,000, or about as much as a decent used car.",https://www.reviewgeek.com/126549/teslas-full-self-driving-software-now-costs-as-much-as-a-decent-car/,https://www.reviewgeek.com/p/uploads/2022/03/dcb1d83c.jpg,2022-08-22T15:12:54Z,"Tesla
Tesla’s “Full Self-Driving,” which cost $10k earlier this year but quickly went up to $12,000, is about to be even more expensive. Starting on September 5th, Tesla’s FSD upgrade will now be $1… [+1983 chars]"
53,"{'id': None, 'name': 'International Business Times'}",Daniel Wiessner,Tesla Loses Challenge To California Agency Suing For Race Bias,A California administrative agency has declined to review Tesla Inc's claim that the state's civil rights watchdog suing the company for race bias at an assembly plant is rushing to sue businesses without conducting full investigations.,https://www.ibtimes.com/tesla-loses-challenge-california-agency-suing-race-bias-3604464,https://d.ibtimes.com/en/full/3806850/employee-tesla-incs-us-vehicle-factory-seen-security-gate-fremont-california.jpg,2022-08-22T15:12:05Z,"An employee of a Tesla Inc's U.S. vehicle factory is seen at a security gate in Fremont, California, U.S., March 18, 2020. 
A California administrative agency has declined to review Tesla Inc's clai… [+2197 chars]"
54,"{'id': None, 'name': 'Daily Mail'}","Jennifer Smith, Emma James",Seattle CEO Dan Price's ex-wife says he strangled and punched her,"Seattle CEO Dan Price's ex-wife today accused him of punching and strangling her during their seven-year marriage, days after he was accused of rape by a model.",https://www.dailymail.co.uk/news/article-11134365/Seattle-CEO-Dan-Prices-ex-wife-says-strangled-punched-her.html,https://i.dailymail.co.uk/1s/2022/08/22/15/61609987-0-image-a-7_1661179805825.jpg,2022-08-22T15:08:15Z,"Seattle CEO Dan Price's ex-wife today accused him of punching and strangling her during their seven-year marriage, days after he was accused of rape by a model. 
Price was once hailed as the most lo… [+4233 chars]"
55,"{'id': None, 'name': 'Forbes'}","Derek Saul, Forbes Staff, 
 Derek Saul, Forbes Staff
 https://www.forbes.com/sites/dereksaul/",Return To Office: Here’s Where Tech Giants Stand After Apple Employees Protest Mandate,"Apple will require employees to work from its Silicon Valley office three days a week starting in September, joining Tesla and several other industry leaders in mandating in-person work.",https://www.forbes.com/sites/dereksaul/2022/08/22/return-to-office-heres-where-tech-giants-stand-after-apple-employees-protest-mandate/,"https://imageio.forbes.com/specials-images/imageserve/63039aa15f34b3cdbe12b49e/0x0.jpg?format=jpg&crop=2675,1506,x0,y183,safe&width=1200",2022-08-22T15:04:49Z,"Apple employees initiated a petition early Monday opposing the companys forthcoming policy requiring corporate workers to be in the office three days a week, joining several other major technology co… [+2067 chars]"
56,"{'id': 'the-washington-post', 'name': 'The Washington Post'}",Evan Halper,Big hurdles on the road to moving millions of U.S. drivers into EVs,Persuading a reluctant Congress to spend big on EVs may have been the easy part. Now millions of Americans need to be enticed to buy them.,https://www.washingtonpost.com/business/2022/08/22/ev-transition-biden-climate/,https://www.washingtonpost.com/resizer/2CjPNwqvXHPS_2RpuRTKY-p3eVo=/1484x0/www.washingtonpost.com/pb/resources/img/twp-social-share.png,2022-08-22T15:04:45Z,"Comment on this story
As the White House relishes its victory after swaying a reluctant Congress to spend big on electric vehicles, it now confronts a much heavier lift: nudging tens of millions of … [+10709 chars]"
57,"{'id': None, 'name': ""Tom's Guide""}",David Douïeb,"Pour ouvrir sa Tesla, il se fait insérer une puce sous la peau (vidéo)","Propriétaire d'une Tesla, Brandon Dalalay s'est fait implanter une puce sur la main. Celle-ci est notamment capable de déverrouiller son véhicule.",https://www.tomsguide.fr/pour-ouvrir-sa-tesla-il-se-fait-inserer-une-puce-sous-la-peau-video/,https://www.tomsguide.fr/content/uploads/sites/2/2022/08/copie-de-image-23.jpg,2022-08-22T15:04:21Z,"Propriétaire d’une Tesla, Brandon Dalalay s’est fait implanter une puce sur la main. Celle-ci est notamment capable de déverrouiller son véhicule. Le perçage et la mise en application – Crédit : Twit… [+1983 chars]"
58,"{'id': None, 'name': 'Terra.com.br'}",Reuters,Wall Street cai mais de 1% com medo de Fed agressivo,"Os principais índices de Wall Street caíam mais de 1% nesta segunda-feira em um início de semana sombrio, com investidores preocupados com sinais agressivos...","https://www.terra.com.br/economia/wall-street-cai-mais-de-1-com-medo-de-fed-agressivo,27576f8621696c98968e0eb68c5b3bf075lsdna9.html",https://s1.trrsf.com/fe/zaz-mod-t360-icons/svg/logos/terra-16x9-borda.png,2022-08-22T15:03:27Z,"Os principais índices de Wall Street caíam mais de 1% nesta segunda-feira em um início de semana sombrio, com investidores preocupados com sinais agressivos dos formuladores de política monetária do … [+2174 chars]"
59,"{'id': None, 'name': 'Terra.com.br'}",Estadão Conteúdo,Google está treinando seus robôs para serem mais parecidos com humanos,Pesquisadores no laboratório do Google pediram recentemente a um robô para montar um hambúrguer ...,"https://www.terra.com.br/byte/google-esta-treinando-seus-robos-para-serem-mais-parecidos-com-humanos,77688898af78bd9f3b1d8e79bfdb6f7c10ihkw4t.html",https://s1.trrsf.com/fe/zaz-mod-t360-icons/svg/logos/terra-16x9-borda.png,2022-08-22T15:03:16Z,"Pesquisadores no laboratório do Google pediram recentemente a um robô para montar um hambúrguer com vários ingredientes de brinquedo de plástico.
O braço mecânico sabia bem que devia adicionar o ket… [+7040 chars]"
60,"{'id': None, 'name': 'Tomshw.it'}",Francesco Daghini,La Tesla Model 3 si apre con un chip impiantato nella mano,Un chip NFC sotto pelle per aprire la Tesla Model 3: lo ha fatto Brandon Dalaly e lo ha mostrato su Twitter.,https://www.tomshw.it/automotive/la-tesla-model-3-si-apre-con-un-chip-impiantato-nella-mano/,https://www.tomshw.it/images/images/2021/11/tesla-model-3-long-range-my2021-198435.jpg,2022-08-22T15:00:52Z,"Auto La Tesla Model 3 si apre con un chip impiantato nella mano
Tom's Hardware vive grazie al suo pubblico. Quando compri qualcosa dai nostri link, potremmo guadagnare una commissione. Scopri di più… [+2252 chars]"
61,"{'id': None, 'name': 'Screen Rant'}",Michael Akuchie,Does The Tesla Model 3 Qualify For A Federal Tax Credit?,"The Tesla Model 3 is among the best-selling EVs in the world, but does it qualify for a federal tax credit under the Inflation Reduction Act?",https://screenrant.com/tesla-model-3-federal-tax-credit-eligibility/,https://static1.srcdn.com/wordpress/wp-content/uploads/2022/08/Tesla-Model-3-1.jpg,2022-08-22T15:00:11Z,"The Tesla Model 3 is one of the world's best-selling electric vehicles, but does it qualify for a federal tax credit? The Model 3 expertly blends performance with affordability, with range and Autopi… [+2958 chars]"
62,"{'id': None, 'name': 'CNBC'}",Robert Ferris,Why some people hate touch screens in cars,"Buttons, switches and knobs have given way to high-tech touch screens in cars. Some people find them annoying and dangerous. But they aren't going anywhere",https://www.cnbc.com/2022/08/22/why-some-people-hate-touch-screens-in-cars.html,https://image.cnbcfm.com/api/v1/image/106590346-1593004482197gettyimages-609781370.jpeg?v=1593004529&w=1920&h=1080,2022-08-22T15:00:01Z,"Car and truck dashboards used to be filled with buttons, switches and knobs controls someone could operate without looking at them.
But touch screens have all but totally taken over the vehicle mark… [+898 chars]"
63,"{'id': None, 'name': 'Motor Authority'}","news@motorauthority.com (Joel Feder), Joel Feder","Pebble Beach Best of Show, Bugatti Mistral, Koenigsegg CC850: Today's Car News","A 1932 Duesenberg won Best of Show at the 2022 Pebble Beach Concours d'Elegance. The award hasn't been given to an American car since 2013, and it went to a Mercedes-Benz in 2021. The Duesenberg is owned by Lee and Penny Anderson of Naples, Florida. Concours …",https://www.motorauthority.com/news/1136898_pebble-beach-best-of-show-bugatti-mistral-koenigsegg-cc850-today-s-car-news,https://images.hgmsites.net/hug/koenigsegg-cc850_100852259_h.jpg,2022-08-22T15:00:00Z,"A 1932 Duesenberg won Best of Show at the 2022 Pebble Beach Concours d'Elegance. The award hasn't been given to an American car since 2013, and it went to a Mercedes-Benz in 2021. The Duesenberg is o… [+1520 chars]"
64,"{'id': None, 'name': 'Yahoo Entertainment'}",BlueWeave Consulting and Research Pvt Ltd,Electric Vehicle (EV) Charging Station Market to Grow at a CAGR of Over 40% until 2028 | BlueWeave Consulting,"Geographically, the global electric vehicle (EV) charging station market is segmented into North America, Europe, Asia-Pacific, Latin America, Middle East & ...",https://finance.yahoo.com/news/electric-vehicle-ev-charging-station-150000197.html,https://s.yimg.com/ny/api/res/1.2/GKdQE9xkDXrIPPFFqdcXTw--/YXBwaWQ9aGlnaGxhbmRlcjt3PTEyMDA7aD00NDA-/https://media.zenfs.com/en/globenewswire.com/f81c56cf08a3e21d98979379dca642d9,2022-08-22T15:00:00Z,"BlueWeave Consulting and Research Pvt Ltd
Geographically, the global electric vehicle (EV) charging station market is segmented into North America, Europe, Asia-Pacific, Latin America, Middle East &… [+10859 chars]"
65,"{'id': None, 'name': 'PCWorld'}",Mark Hachman,Intel’s Lunar Lake will be a specialized low-power PC chip,"Intel executives disclosed that 2024’s Lunar Lake chip will be optimized for ultraportables for 15 watts and below, while reiterating that 2023’s Meteor Lake chip is still on track. And if you haven’t guessed it already, the future of Intel’s processors conti…",https://www.pcworld.com/article/834401/intels-lunar-lake-will-be-a-specialized-low-power-pc-chip.html,https://www.pcworld.com/wp-content/uploads/2022/08/intel_meteor_lake.jpg?quality=50&strip=all&w=1024,2022-08-22T15:00:00Z,"Skip to contentType your search and hit enter
When you purchase through links in our articles, we may earn a small commission. This doesn't affect our editorial independence
.
Intel executives dis… [+3580 chars]"
66,"{'id': None, 'name': 'Hwupgrade.it'}",,I Tesla Supercharger dominano le classifiche di soddisfazione. Gli altri operatori ora si devono preoccupare,"Le soluzioni di ricarica Tesla sono in testa ai sondaggi di J.D. Power, e presto la rete privata di Elon Musk verrà aperta globalmente a tutte le auto elettriche",https://auto.hwupgrade.it/news/soluzioni-ricarica/i-tesla-supercharger-dominano-le-classifiche-di-soddisfazione-gli-altri-operatori-ora-si-devono-preoccupare_109500.html,https://www.hwupgrade.it/i/n/tesla-supercharger-italia-hwup_720.jpg,2022-08-22T14:58:43Z,"La rete di ricarica Tesla, le cui stazioni sono chiamate ""Supercharger"", resta ancora probabilmente la più estesa al mondo, e fino a poco tempo fa aveva il limite di servire solo le auto prodotte dal… [+1798 chars]"
67,"{'id': None, 'name': 'Siècle Digital'}",Maxime Mohr,Elon Musk chercherait à investir dans un concurrent de Neuralink,"La startup Neuralink de Elon Musk prend du retard face à la concurrence, ce qui pousserait le chef d'entreprises à revoir sa stratégie.",https://siecledigital.fr/2022/08/22/elon-musk-chercherait-a-investir-dans-un-concurrent-de-neuralink/,https://siecledigital.fr/wp-content/uploads/2022/08/neuralink-levee-de-fonds-serie-c-une.jpeg,2022-08-22T14:57:36Z,"Contrairement à Neuralink, Synchron a déjà effectué des essais dimplants cérébraux sur des humains.
Neuralink, la startup d’Elon Musk lancée en 2016, a pris du retard sur la concurrence. Synchron, q… [+2772 chars]"
68,"{'id': None, 'name': 'Seeking Alpha'}",SA Transcripts,Altium Limited (ALMFF) CEO Aram Mirkazemi on Q4 2022 Results - Earnings Call Transcript,"Altium Limited (OTCPK:ALMFF) Q4 2022 Earnings Conference Call August 22, 2022 3:00 AM ETCompany ParticipantsKim Besharati - VP Investor Relations & Chief of StaffAram Mirkazemi -...",https://seekingalpha.com/article/4536153-altium-limited-almff-ceo-aram-mirkazemi-on-q4-2022-results-earnings-call-transcript,https://static.seekingalpha.com/assets/og_image_1200-29b2bfe1a595477db6826bd2126c63ac2091efb7ec76347a8e7f81ba17e3de6c.png,2022-08-22T14:56:05Z,"Altium Limited (OTCPK:ALMFF) Q4 2022 Earnings Conference Call August 22, 2022 3:00 AM ET
 Company Participants
 Kim Besharati - VP Investor Relations &amp; Chief of Staff
 Aram Mirkazemi - CEO
 S… [+53583 chars]"
69,"{'id': None, 'name': 'Horizont.net'}",HORIZONT Online / dpa,Studie: Diese Marken haben in Sachen vernetztes Auto die Nase vorn,"© IMAGO / STPP
 Volkswagen ist nach einer Studie des Branchenexperten Stefan Bratzel weiterhin der innovationsstärkste Konzern im Bereich vernetztes Auto, vor Mercedes-Benz und Tesla. BMW sei ins Mittelfeld zurückgefallen. Als sehr schwach bei der Vernetzung…",https://www.horizont.net/marketing/nachrichten/studie-diese-marken-haben-in-sachen-vernetztes-auto-die-nase-vorn-202129?utm_source=rss&utm_medium=referral&utm_campaign=news,https://www.horizont.net/news/media/39/VW-382571.jpeg,2022-08-22T14:56:00Z,"""Das Zukunftsversprechen dieser daten- und softwaregetriebenen Dienste ist eine besonders gute Rendite"", sagte Bratzel. Dazu ""müssen die Automobilhersteller jedoch ihre Kompetenzen in diesen Zukunfts… [+1324 chars]"
70,"{'id': None, 'name': 'Sostav.ru'}",,15 ������������� �������� PR-�������� ��������� ���,"������ PR-���������� �����, ��� ������ ��������� ��������, ������� ���������� �� ����� ��������������� ����. �� ������ ���������� ������� �����������, ����� ��������� ��������� ����. ������ ��� ��� 15 PR-�������� ��������� ��� , ������� ������� �������� �����…",https://www.sostav.ru/blogs/255039/34626,https://www.sostav.ru/appi/blogs/feedSocialImage/get?feedId=34626,2022-08-22T14:55:40Z,"PR- , , 
 . 
, .  15 PR- ,  .
1. Spotify: Wrapped ( )
 2016 Spotify 
 Wrapped: 
 . , , 
, , , 
 . , 
 . .
 , . ,
 .
Introducing the Freshly-Baked Fragrance of #Bready
Subway
 « !». 
 ,… [+1603 chars]"
71,"{'id': None, 'name': 'Electrek'}",Fred Lambert,Tesla says Autopilot is preventing ~40 crashes per day from wrong pedal errors alone,"Tesla claims Autopilot is currently preventing about 40 crashes per day just by correcting drivers pressing the wrong pedal, something that has led Tesla to be accused of sudden acceleration in the past. Over the years, Tesla vehicles have often been accused …",https://electrek.co/2022/08/22/tesla-autopilot-prevent-40-crashes-per-day-wrong-pedal-errors/,https://i0.wp.com/electrek.co/wp-content/uploads/sites/3/2020/01/Tesla-sudden-unintended-acceleration.jpg?resize=1200%2C628&quality=82&strip=all&ssl=1,2022-08-22T14:54:31Z,"Tesla claims Autopilot is currently preventing about 40 crashes per day just by correcting drivers pressing the wrong pedal, something that has led Tesla to be accused of sudden acceleration in the p… [+3763 chars]"
72,"{'id': 'la-nacion', 'name': 'La Nacion'}",,Wall street se desploma más de un 1% por miedo a una fed agresiva,Wall street se desploma más de un 1% por miedo a una fed agresiva,https://www.lanacion.com.ar/agencias/wall-street-se-desploma-mas-de-un-1-por-miedo-a-una-fed-agresiva-nid22082022/,https://resizer.glanacion.com/resizer/3RtWgCP--RAvm_gVQCN60D8EDIs=/768x0/filters:format(webp):quality(80)/cloudfront-us-east-1.images.arcpublishing.com/lanacionar/67GCK7VVHRH5JDZJTNRRSP7NEI.jpg,2022-08-22T14:53:33Z,"Por Bansari Mayur Kamdar y Devik Jain
22 ago (Reuters) - Los principales índices de Wall Street
caían más de un 1% el lunes, en un comienzo de semana
desalentador, ya que los inversores están preo… [+1601 chars]"
73,"{'id': None, 'name': 'FX Empire'}",Reuters,Tesla loses challenge to California agency suing for race bias,By Daniel Wiessner (Reuters) -   A California administrative agency has declined to review Tesla Inc&#039;s claim that the state&#039;s civil rights watchdog suing the company for race bias at an assembly plant is rushing to sue businesses without conducting …,https://www.fxempire.com/news/article/tesla-loses-challenge-to-california-agency-suing-for-race-bias-1103214,https://responsive.fxempire.com/width/600/webp-lossy-70.q50/_fxempire_/2022/08/tagreuters.com2022newsml_LYNXMPEI7L0K11.jpg,2022-08-22T14:53:14Z,"Californias Office of Administrative Law in a letter denied Teslas petition, filed in June, to determine whether the Department of Civil Rights (DCR) had adopted underground regulations that flout re… [+1854 chars]"
74,"{'id': None, 'name': 'CNA'}",,Tesla loses challenge to California agency suing for race bias,A California administrative agency has declined to review Tesla Inc's claim that the state's civil rights watchdog suing the company for race bias at an assembly plant is rushing to sue businesses without conducting full investigations.California's Office of …,https://www.channelnewsasia.com/business/tesla-loses-challenge-california-agency-suing-race-bias-2893431,"https://onecms-res.cloudinary.com/image/upload/s--iZy1nNyj--/fl_relative,g_south_east,l_one-cms:core:watermark:reuters,w_0.1/f_auto,q_auto/c_fill,g_auto,h_676,w_1200/v1/one-cms/core/2022-08-22t145309z_3_lynxmpei7l0k1_rtroptp_3_health-coronavirus-tesla-factory.jpg?itok=pETBhrUN",2022-08-22T14:53:09Z,A California administrative agency has declined to review Tesla Inc's claim that the state's civil rights watchdog suing the company for race bias at an assembly plant is rushing to sue businesses wi… [+2020 chars]
75,"{'id': None, 'name': 'Yahoo Entertainment'}",Daniel Wiessner,Tesla loses challenge to California agency suing for race bias,A California administrative agency has declined to review Tesla Inc's claim that the state's civil rights watchdog suing the company for race bias at an...,https://finance.yahoo.com/news/tesla-loses-challenge-california-agency-144928467.html,https://s.yimg.com/uu/api/res/1.2/rpQxq0VAPmlNuhFfm5OQGw--~B/aD01MzM7dz04MDA7YXBwaWQ9eXRhY2h5b24-/https://media.zenfs.com/en/reuters-finance.com/61095b6b42d4738c30621c42a9663799,2022-08-22T14:49:28Z,"By Daniel Wiessner
(Reuters) - A California administrative agency has declined to review Tesla Inc's claim that the state's civil rights watchdog suing the company for race bias at an assembly plant… [+2128 chars]"
76,"{'id': None, 'name': 'Yahoo Entertainment'}",Daniel Wiessner,Tesla loses challenge to California agency suing for race bias,A California administrative agency has declined to review Tesla Inc's claim that the state's civil rights watchdog suing the company for race bias at an...,https://news.yahoo.com/tesla-loses-challenge-california-agency-144928798.html,https://s.yimg.com/uu/api/res/1.2/wE53UTLJju8wlH0x5xfgow--~B/aD01MzM7dz04MDA7YXBwaWQ9eXRhY2h5b24-/https://media.zenfs.com/en/reuters.com/b4dfed9ffa4996045dc18eface38b080,2022-08-22T14:49:28Z,"By Daniel Wiessner
(Reuters) - A California administrative agency has declined to review Tesla Inc's claim that the state's civil rights watchdog suing the company for race bias at an assembly plant… [+2128 chars]"
77,"{'id': None, 'name': 'Developpez.com'}",,"Une vidéo semble montrer le système Autopilot d'une Tesla confondant une calèche avec un camion, le système piloté par l'IA n'a peut-être pas été formé à cette façon rudimentaire de se déplacer","Une vidéo semble montrer le système Autopilot d'une Tesla confondant une calèche avec un camion
le système piloté par l'IA n'a peut-être pas été formé à cette façon rudimentaire de se déplacerUne vidéo partagée la semaine dernière par le Youtubeur suisse Real…",https://www.developpez.com/actu/335889/Une-video-semble-montrer-le-systeme-Autopilot-d-une-Tesla-confondant-une-caleche-avec-un-camion-le-systeme-pilote-par-l-IA-n-a-peut-etre-pas-ete-forme-a-cette-facon-rudimentaire-de-se-deplacer/,https://www.developpez.com/images/logos/tesla.png,2022-08-22T14:48:00Z,"Une vido partage la semaine dernire par le Youtubeur suisse RealRusty montre l'Autopilot de Tesla qui confond une calche successivement avec un semi-remorque, un piton et une berline. Cela suggre que… [+7444 chars]"
78,"{'id': 'reuters', 'name': 'Reuters'}",,Tesla loses challenge to California agency suing for race bias - Reuters,"A California administrative agency has declined to review Tesla Inc's <a href=""https://www.reuters.com/companies/TSLA.O"" target=""_blank"">(TSLA.O)</a> claim that the state's civil rights watchdog suing the company for race bias at an assembly plant is rushing …",https://www.reuters.com/legal/transactional/tesla-loses-challenge-california-agency-suing-race-bias-2022-08-22/,https://www.reuters.com/resizer/3PvXMZY0ByEZp_hAYra6uLgzgU0=/1200x628/smart/filters:quality(80)/cloudfront-us-east-2.images.arcpublishing.com/reuters/FOEQWS2VQFPPFFHSNTERAVMGEQ.jpg,2022-08-22T14:48:00Z,Aug 22 (Reuters) - A California administrative agency has declined to review Tesla Inc's (TSLA.O) claim that the state's civil rights watchdog suing the company for race bias at an assembly plant is … [+2319 chars]
79,"{'id': None, 'name': 'Tweakers.net'}",Tijs Hofmans,Dit was Tweakers op BlackHat en Defcon,"Tweakers was eerder deze maand op securityconferenties Blackhat en Defcon. Hoewel de hackers-in-hoodies niet graag op de foto worden gezet, hebben we geprobeerd een sfeerimpressie neer te zetten. Dit was Tweakers op BlackHat en Defcon.",https://tweakers.net/geek/200170/dit-was-tweakers-op-blackhat-en-defcon.html,https://tweakers.net/i/-TzokEzc4Z6BNLGvgxh5IGz2fWk=/134x134/filters:strip_exif()/i/2005305288.png?f=meta,2022-08-22T14:47:45Z,"Tweakers was eerder deze maand op securityconferenties Blackhat en Defcon. Hoewel de hackers-in-hoodies niet graag op de foto worden gezet, hebben we geprobeerd een sfeerimpressie neer te zetten. Dit… [+8332 chars]"
80,"{'id': None, 'name': 'Kaspersky.com'}",Ivan Kwiatkowski,What’s wrong with blockchains and cryptocurrencies | Kaspersky official blog,Ivan Kwiatkowski explains what’s wrong with blockchains and cryptocurrencies and why you should think twice before buying an NFT.,https://usa.kaspersky.com/blog/crypto-actually-blockchains-and-cryptocurrencies/26914/,https://media.kasperskydaily.com/wp-content/uploads/sites/85/2022/08/22104714/crypto-actually-blockchains-and-cryptocurrencies-featured-point.jpg,2022-08-22T14:46:49Z,"So, you want to buy NFTs.
You’ve read the stories about people getting immensely rich with them or cryptocurrency, and think why not me? Well, “You thought wrong” was a working title for this articl… [+21852 chars]"
81,"{'id': None, 'name': 'Jalopnik'}",Owen Bellwood,Ford Ordered to Pay $1.7B Over Deadly Georgia Crash,"Ford has been ordered to pay $1.7 billion in damages over a 2014 crash that killed two people, Hyundai is bringing forward its plans to open an EV plant in the U.S. and Porsche says it wants to make a boat load of electric Macans. All that and more in The Mor…",https://jalopnik.com/ford-ordered-to-pay-1-7b-over-deadly-georgia-crash-1849440528,"https://i.kinja-img.com/gawker-media/image/upload/c_fill,f_auto,fl_progressive,g_center,h_675,pg_1,q_80,w_1200/a010fc1d70fce7a37090fd3bfad361d4.jpg",2022-08-22T14:40:00Z,"Ford has been ordered to pay $1.7 billion in damages over a 2014 crash that killed two people, Hyundai is bringing forward its plans to open an EV plant in the U.S. and Porsche says it wants to make … [+8522 chars]"
82,"{'id': None, 'name': 'Yahoo Entertainment'}",Andrew Lisa,"Elon Musk, Jeff Bezos and the 23 Other Richest People in the US","The rich don't always get richer in tumultuous times like these, but some fare better than others. Take Elon Musk. The Tesla CEO and soon-to-be owner of...",https://finance.yahoo.com/news/elon-musk-jeff-bezos-23-143613045.html,https://s.yimg.com/ny/api/res/1.2/qxcJj5r9V6Z3.3AEhH8Ovg--/YXBwaWQ9aGlnaGxhbmRlcjt3PTEyMDA7aD02NzU-/https://media.zenfs.com/en/gobankingrates_644/34074722254b9dfae4a89539e91133be,2022-08-22T14:36:13Z,"Pascal Le Segretain / Getty Images
The rich don't always get richer in tumultuous times like these, but some fare better than others. Take Elon Musk. The Tesla CEO and soon-to-be owner of social med… [+13079 chars]"
83,"{'id': None, 'name': 'Phonandroid'}",Alexandre Schmid,YouTube supprime la vidéo d’un utilisateur qui teste la conduite autonome Tesla sur ses enfants,"Tester et filmer la sécurité de la conduite entièrement autonome de Tesla sur ses propres enfants n'est pas forcément une bonne idée. Publier la vidéo sur YouTube l'est encore moins. Il y a quelques semaines, le système de conduite entièrement...",https://www.phonandroid.com/youtube-supprime-la-video-dun-utilisateur-qui-teste-la-conduite-autonome-tesla-sur-ses-enfants.html,https://img.phonandroid.com/2022/08/tesla-fsd.jpg,2022-08-22T14:32:41Z,"Tester et filmer la sécurité de la conduite entièrement autonome de Tesla sur ses propres enfants n'est pas forcément une bonne idée. Publier la vidéo sur YouTube l'est encore moins.
Il y a quelques… [+2169 chars]"
84,"{'id': None, 'name': 'U.Today'}",U.Today,"Dogecoin Now Favored by BSC Investors, Here's Why",Recently shared data indicates that interest of BSC investors in Dogecoin is on rise,https://u.today/dogecoin-now-favored-by-bsc-investors-heres-why,https://u.today/sites/default/files/styles/twitter/public/2022-08/22959.jpg,2022-08-22T14:28:00Z,Disclaimer: The opinion expressed here is not investment advice it is provided for informational purposes only. It does not necessarily reflect the opinion of U.Today. Every investment and all tradin… [+3488 chars]
85,"{'id': None, 'name': 'Biztoc.com'}",dickenskale,Expansion of Clean Energy Loans Is ‘Sleeping Giant’ of Climate Bill,The law authorizes as much as $350 billion in additional federal loans and loan guarantees for energy and automotive projects. It could help convert plants that run on fossil fuels to nuclear or... #loanauthority #georgewbush #danreicher #backers #cleanenergy…,https://biztoc.com/p/paxdis8n?ref=rss,https://cdn.biztoc.com/og/paxdis8n.jpg,2022-08-22T14:24:15Z,The law authorizes as much as $350 billion in additional federal loans and loan guarantees for energy and automotive projects. It could help convert plants that run on fossil fuels to nuclear or rene… [+1473 chars]
86,"{'id': None, 'name': 'Business Standard'}",Reuters,Wall Street slumps over 1% as rate hike worries slam growth stocks,"Megacap growth, tech stocks extend losses; AMC tumbles as UK's Cineworld mulls bankruptcy filing",https://www.business-standard.com/article/international/wall-street-slumps-over-1-as-rate-hike-worries-slam-growth-stocks-122082201050_1.html,https://bsmedia.business-standard.com/_media/bs/img/article/2022-08/22/full/1661178222-37.jpg,2022-08-22T14:23:00Z,Wall Street's main indexes tumbled more than 1% on Monday in a dour start to the week as investors worried about hawkish signals from Federal Reserve policymakers against the backdrop of slowing econ… [+3477 chars]
87,"{'id': 'financial-post', 'name': 'Financial Post'}",David Rosenberg,David Rosenberg: The bear market rally is unravelling — here’s why,"Recession bear markets don’t end until the tail end of the Fed easing cycle, which is increasingly looking like a 2024 event. Read more.",https://financialpost.com/investing/david-rosenberg-bear-market-rally-unravelling-why,https://smartcdn.gprod.postmedia.digital/financialpost/wp-content/uploads/2022/08/bear-bull-vw0822.jpg,2022-08-22T14:22:43Z,"Recession bear markets dont end until the tail end of the Fed easing cycle, which is increasingly looking like a 2024 event 
A bear statue faces a bull statue outside the Frankfurt Stock Exchange.Ph… [+6091 chars]"
88,"{'id': None, 'name': 'Teltarif.de'}",Markus Weidner,"Telsa: Unfertiges ""Full Self Driving"" wird 3000 Dollar teurer","Tesla erhöht zum zweiten Mal in diesem Jahr die Kosten für die sogenannte FSD-Option, die nach wie vor nur als Beta-Version erhältlich ist.",https://www.teltarif.de/telsa-fsd-preiserhoehung/news/89102.html,https://www.teltarif.de/img/arch/2022/kw34/telsa-fsd-preiserhoehung-1og.jpg,2022-08-22T14:20:00Z,"Tesla kündigt seit Jahren die Möglich­keit an, mit den Autos des ameri­kani­schen Herstel­lers autonom fahren zu können. Mehr als eine Beta-Version für den FSD genannten Modus ist aber nach wie vor n… [+2453 chars]"
89,"{'id': None, 'name': 'Www.hln.be'}",KVE,Musk: “Tesla-systeem voor zelfrijdende auto wordt kwart duurder”,"Het systeem voor elektrisch rijden van de elektrische-automaker Tesla wordt wederom duurder. Het gaat Amerikanen 15.000 dollar kosten, heeft Tesla-topman Elon Musk getwitterd, en dat is een kwart meer dan de oorspronkelijke prijs van het systeem. Het is de tw…",https://www.hln.be/autobedrijven/musk-tesla-systeem-voor-zelfrijdende-auto-wordt-kwart-duurder~acbc3e3e/,https://images0.persgroep.net/rcs/_AObdTadusvwsFrJx9La0H20ZIQ/diocontent/60290445/_fill/1200/630/?appId=21791a8992982cd8da851550a453bd7f&quality=0.7,2022-08-22T14:19:44Z,"Het systeem, dat Full Self-Driving heet, kost nu nog 12.000 dollar (ruim 12.000 euro). De prijsverhoging gaat 5 september in. In januari kwam er al zo'n 2.000 dollar (2.000 euro) bij. Volgens Tesla g… [+1396 chars]"
90,"{'id': None, 'name': 'Clubic'}",Nathan Le Gohlisse,"Tesla, Intel, Toyota : les vagues de chaleur en Chine font fermer les usines, quelles répercussions ?","Intel et CATL, poids lourds de la chaîne d'approvisionnement pour les véhicules électriques, font partie des firmes ayant été contraintes de fermer provisoirement leurs usines en Chine face à la vague de chaleur qui touche le pays. Une mesure qui pourrait imp…",https://www.clubic.com/pro/entreprises/tesla/actualite-434400-tesla-intel-toyota-les-vagues-de-chaleur-en-chine-font-fermer-les-usines-quelles-repercutions.html,https://pic.clubic.com/v1/images/2028984/raw,2022-08-22T14:17:00Z,"Intel et CATL, poids lourds de la chaîne d'approvisionnement pour les véhicules électriques, font partie des firmes ayant été contraintes de fermer provisoirement leurs usines en Chine face à la vagu… [+2471 chars]"
91,"{'id': None, 'name': 'New York Post'}",Theo Wayt,Tesla owner will never lose his keys again — after he implants them in his hand,Brandon Dalaly said that he’s part of a beta group of about 100 people who are testing the chips before they released to the public.,https://nypost.com/2022/08/22/tesla-owner-implants-car-keys-in-his-hand-using-microchip/,https://nypost.com/wp-content/uploads/sites/2/2022/08/tesla-chip-comp.jpg?quality=75&strip=all&w=1024,2022-08-22T14:16:44Z,"A Tesla fanatic will never lose his keys again after he spent $400 to have them permanently implanted in his hand. 
Tesla owner Brandon Dalaly shared a video on social media this week showing him ha… [+2860 chars]"
92,"{'id': None, 'name': 'Ambcrypto.com'}",Jacob Thomas,Tiny Tesla: A safe place to make passive income and obtain financial freedom,"Tiny Tesla was founded because, like many, the team (which is a group of friends) experienced too many scams and empty promises. They decided to do something about it to change the space for good! As a group of friends and family with the same vision. They ar…",https://ambcrypto.com/?p=253358,https://statics.ambcrypto.com/wp-content/uploads/2022/08/photo_2022-06-23_21-43-33-1000x600.jpg,2022-08-22T14:15:23Z,"Tiny Tesla was founded because, like many, the team (which is a group of friends) experienced too many scams and empty promises. They decided to do something about it to change the space for good! As… [+3226 chars]"
93,"{'id': None, 'name': 'Jalopnik'}",Steve DaSilva,Tesla's FSD Beta Gets Its Second Price Increase This Year,"No matter what anyone tells you, Tesla’s cars are incapable of driving themselves. Despite this, the company charges $12,000 for a “Full Self Driving” feature that, at least according to the state of California, cannot do what it says on the tin — and accordi…",https://jalopnik.com/teslas-fsd-beta-gets-its-second-price-increase-this-yea-1849440460,"https://i.kinja-img.com/gawker-media/image/upload/c_fill,f_auto,fl_progressive,g_center,h_675,pg_1,q_80,w_1200/b6aa5318e400c41cb64ee6d58d203a4c.jpg",2022-08-22T14:15:00Z,"No matter what anyone tells you, Teslascarsareincapableofdrivingthemselves. Despite this, the company charges $12,000 for a Full Self Driving feature that, at least according to the state of Californ… [+1490 chars]"
94,"{'id': None, 'name': 'Motley Fool'}","newsfeedback@fool.com (Charlene Rhinehart, CPA)",3 Things You Should Know About the Tesla Stock Split,Tesla's stock split will take place after close of trading on Aug. 24. How will that impact your portfolio and taxes?,https://www.fool.com/investing/2022/08/22/3-things-you-should-know-about-the-tesla-stock-spl/,https://g.foolcdn.com/editorial/images/697215/couple-staring-at-computer-in-kitchen.jpg,2022-08-22T14:12:00Z,"Tesla's (TSLA -3.06%) 3-for-1 stock split proposal won shareholder approval at the 2022 annual shareholders' meeting this month. Now, the electric vehicle maker is gearing up for its second stock spl… [+3242 chars]"
95,"{'id': None, 'name': 'Caradisiac.com'}",Michel Holtz,"Et si, dans l'auto, le protectionnisme cessait d'être un gros mot ?","Les constructeurs chinois, à l'instar de Byd et Ora seront présents au prochain Mondial de l'auto, alors que plusieurs constructeurs européens ont décliné l'invitation. En parallèle, de l'autre côté de l'Atlantique, Joe Biden offre un bonus de 7 500 dollars e…",https://www.caradisiac.com/et-si-dans-l-auto-le-protectionnisme-cessait-d-etre-un-gros-mot-197534.htm,https://images.caradisiac.com/images/7/5/3/4/197534/S1-et-si-dans-l-auto-le-protectionnisme-cessait-d-etre-un-gros-mot-723626.jpg,2022-08-22T14:08:00Z,"Petit rappel chronologique. Le 13 juin dernier, le salon de la voiture électrique d'Oslo ouvrait ses portes. Une aubaine pour tous les constructeurs européens, au pays ou le VE est roi, et au moment … [+4151 chars]"
96,"{'id': None, 'name': 'Daily Mail'}",,Video: Police outside Park Royal station after fatal car crash in London,"Police is outside Park Royal underground station, west London at the scene of a fatal crash. A Range Rover crashed into a metal barrier and into a parked Tesla before ending up on a railway track.",https://www.dailymail.co.uk/video/news/video-2755879/Video-Police-outside-Park-Royal-station-fatal-car-crash-London.html?page=,https://i.dailymail.co.uk/1s/2022/08/22/15/video-61611665-911_154x115.jpg,2022-08-22T14:07:08Z,"1:00
Kristina Ozturk, 25, has 21 babies and a husband in prison"
97,"{'id': None, 'name': 'Forbes'}","Sergei Klebnikov, Forbes Staff, 
 Sergei Klebnikov, Forbes Staff
 https://www.forbes.com/sites/sergeiklebnikov/",Dow Falls 400 Points As Experts Warn Bear Market Rally Is ‘Grinding To A Halt’,Investors are expecting more hawkish commentary from Fed officials at this week’s Jackson Hole symposium.,https://www.forbes.com/sites/sergeiklebnikov/2022/08/22/dow-falls-400-points-as-experts-warn-bear-market-rally-is-grinding-to-a-halt/,"https://imageio.forbes.com/specials-images/imageserve/63038ce0222c56aee9f3e7ef/0x0.jpg?format=jpg&crop=2513,1414,x0,y22,safe&width=1200",2022-08-22T14:05:59Z,"The stock market continued to fall on Monday after the summer rally on Wall Street fizzled out last week, with investors once again growing nervous about aggressive interest rate hikes from the Feder… [+3364 chars]"
98,"{'id': None, 'name': 'SlashGear'}",staff@slashgear.com (Kyle Encina),Elon Musk Confirms Tesla FSD Is Getting Even More Expensive,"Elon Musk announced via Twitter that Tesla&#039;s newest Full Self-Driving (FSD) versions have begun rolling out. Unfortunately, they also include a jump in price.",https://www.slashgear.com/974506/elon-musk-confirms-tesla-fsd-is-getting-even-more-expensive/,https://www.slashgear.com/img/gallery/elon-musk-confirms-tesla-fsd-is-getting-even-more-expensive/l-intro-1661176721.jpg,2022-08-22T14:05:20Z,"Tesla CEO Elon Musk said the company's latest Full Self-Driving build will be getting some ""big"" gains, but then again, so will its price. The Tesla FSD system offers an array of driver-assistance an… [+853 chars]"
99,"{'id': None, 'name': 'Sylhetmirror.com'}",Enamul Haque Renu,Woman dies after crash leaves Range Rover on Tube train track,"A woman has died after a collision left a Range Rover on a train track in west London. The Metropolitan Police said the collision, involving a Range Rover and a Tesla, happened on the A40 westbound near Park Royal Tube station in west London at 3.48am on Mond…",https://sylhetmirror.com/2022/08/22/woman-dies-after-crash-leaves-range-rover-on-tube-train-track/,https://sylhetmirror.com/files/uploads/2022/08/11wswqd.jpg,2022-08-22T14:02:29Z,"A damaged Tesla car is removed from the scene of a fatal crash in Park Royal, west London
A woman has died after a collision left a Range Rover on a train track in west London.
The Metropolitan Pol… [+1493 chars]"
